nb, ib, time
32, 2, 0.000142007
32, 4, 5.54525e-05
32, 8, 4.52619e-05
32, 16, 3.55806e-05
34, 2, 0.000107773
34, 17, 4.16504e-05
36, 2, 0.000129474
36, 3, 9.59e-05
36, 4, 7.35583e-05
36, 6, 5.63346e-05
36, 9, 4.96456e-05
36, 12, 4.14366e-05
36, 18, 4.82181e-05
38, 2, 0.000137277
38, 19, 4.55309e-05
40, 2, 0.000159689
40, 4, 9.09803e-05
40, 5, 8.20423e-05
40, 8, 6.17522e-05
40, 10, 5.64728e-05
40, 20, 4.44219e-05
42, 2, 0.000171765
42, 3, 0.000129054
42, 6, 8.16528e-05
42, 7, 7.2788e-05
42, 14, 5.95886e-05
42, 21, 5.12107e-05
44, 2, 0.000192788
44, 4, 0.000110154
44, 11, 7.25499e-05
44, 22, 5.46789e-05
46, 2, 0.000204199
46, 23, 6.36432e-05
48, 2, 0.00022973
48, 3, 0.000172331
48, 4, 0.000133315
48, 6, 0.000126507
48, 8, 8.76403e-05
48, 12, 7.49485e-05
48, 16, 7.06789e-05
48, 24, 6.16353e-05
50, 2, 0.000240793
50, 5, 0.000140822
50, 10, 8.6491e-05
50, 25, 7.26301e-05
52, 2, 0.000272922
52, 4, 0.000158037
52, 13, 0.00010046
52, 26, 7.71224e-05
54, 2, 0.000292351
54, 3, 0.000223569
54, 6, 0.000136114
54, 9, 0.000113536
54, 18, 9.53333e-05
54, 27, 8.90345e-05
56, 2, 0.000318161
56, 4, 0.000197846
56, 7, 0.000141742
56, 8, 0.000123838
56, 14, 0.000115206
56, 28, 8.87072e-05
58, 2, 0.000335699
58, 29, 0.000102479
60, 2, 0.000377521
60, 3, 0.000285484
60, 4, 0.000233174
60, 5, 0.000241863
60, 6, 0.000177555
60, 10, 0.000136067
60, 12, 0.000137272
60, 15, 0.000137767
60, 20, 0.00011308
60, 30, 0.000108588
62, 2, 0.000393172
62, 31, 0.00012292
64, 2, 0.000431595
64, 4, 0.000300325
64, 8, 0.000169859
64, 16, 0.000141476
64, 32, 0.000122547
66, 2, 0.0004526
66, 3, 0.000348589
66, 6, 0.000212374
66, 11, 0.000181271
66, 22, 0.000146039
66, 33, 0.000138078
68, 2, 0.000502792
68, 4, 0.000346606
68, 17, 0.000170929
68, 34, 0.000146624
70, 2, 0.000514305
70, 5, 0.000277187
70, 7, 0.000235347
70, 10, 0.000195059
70, 14, 0.000201226
70, 35, 0.000164403
72, 2, 0.000569851
72, 3, 0.000446998
72, 4, 0.000439165
72, 6, 0.000271965
72, 8, 0.00022885
72, 9, 0.000228864
72, 12, 0.000216436
72, 18, 0.000191217
72, 24, 0.000168899
72, 36, 0.000164316
74, 2, 0.000584454
74, 37, 0.000185627
76, 2, 0.000647209
76, 4, 0.00037834
76, 19, 0.00022642
76, 38, 0.000194412
78, 2, 0.000661395
78, 3, 0.000508397
78, 6, 0.000321983
78, 13, 0.000275686
78, 26, 0.000214975
78, 39, 0.000216931
80, 2, 0.000723029
80, 4, 0.000427296
80, 5, 0.000393391
80, 8, 0.000296064
80, 10, 0.000275805
80, 16, 0.000250261
80, 20, 0.000233702
80, 40, 0.000214285
82, 2, 0.000736817
82, 41, 0.000238428
84, 2, 0.00082775
84, 3, 0.000626835
84, 4, 0.00048316
84, 6, 0.000403864
84, 7, 0.000377032
84, 12, 0.000320905
84, 14, 0.000318592
84, 21, 0.000278582
84, 28, 0.000250195
84, 42, 0.000249511
86, 2, 0.000833478
86, 43, 0.000275861
88, 2, 0.000909066
88, 4, 0.000538676
88, 8, 0.000376094
88, 11, 0.000380517
88, 22, 0.000306967
88, 44, 0.00027715
90, 2, 0.000928057
90, 3, 0.000719893
90, 5, 0.000506312
90, 6, 0.00045515
90, 9, 0.000386912
90, 10, 0.000363215
90, 15, 0.000389779
90, 18, 0.000341981
90, 30, 0.000307961
90, 45, 0.00030371
92, 2, 0.0010231
92, 4, 0.000604825
92, 23, 0.000356601
92, 46, 0.000317768
94, 2, 0.00102037
94, 47, 0.000343335
96, 2, 0.00107417
96, 3, 0.000830366
96, 4, 0.00063434
96, 6, 0.000525595
96, 8, 0.000448759
96, 12, 0.000438527
96, 16, 0.000389973
96, 24, 0.000345142
96, 32, 0.000341068
96, 48, 0.000331678
98, 2, 0.0010749
98, 7, 0.000513746
98, 14, 0.000455996
98, 49, 0.000361058
100, 2, 0.0011946
100, 4, 0.000709
100, 5, 0.000656734
100, 10, 0.000473861
100, 20, 0.000404989
100, 25, 0.000403463
100, 50, 0.000377276
102, 2, 0.00118572
102, 3, 0.000931772
102, 6, 0.000595702
102, 17, 0.00047052
102, 34, 0.000406737
102, 51, 0.000407289
104, 2, 0.00129874
104, 4, 0.000777056
104, 8, 0.000553607
104, 13, 0.00056073
104, 26, 0.000440128
104, 52, 0.000409356
106, 2, 0.00124721
106, 53, 0.000428744
108, 2, 0.00138045
108, 3, 0.00106968
108, 4, 0.000825106
108, 6, 0.00069134
108, 9, 0.000590076
108, 12, 0.000578025
108, 18, 0.000509915
108, 27, 0.000481158
108, 36, 0.00044867
108, 54, 0.000446001
110, 2, 0.00138601
110, 5, 0.000777789
110, 10, 0.000571765
110, 11, 0.000686619
110, 22, 0.000513555
110, 55, 0.000481898
112, 2, 0.00149898
112, 4, 0.000900173
112, 7, 0.000726233
112, 8, 0.000646257
112, 14, 0.000624823
112, 16, 0.000560811
112, 28, 0.000496147
112, 56, 0.000480531
114, 2, 0.00148995
114, 3, 0.00117739
114, 6, 0.000757166
114, 19, 0.000607271
114, 38, 0.000523954
114, 57, 0.00051779
116, 2, 0.0016447
116, 4, 0.00098775
116, 29, 0.000565658
116, 58, 0.000537892
118, 2, 0.00161847
118, 59, 0.000577476
120, 2, 0.00176962
120, 3, 0.00139495
120, 4, 0.00107376
120, 5, 0.00100506
120, 6, 0.000903397
120, 8, 0.000775357
120, 10, 0.000736849
120, 12, 0.000765053
120, 15, 0.000773949
120, 20, 0.000635169
120, 24, 0.000604973
120, 30, 0.000613346
120, 40, 0.000582931
120, 60, 0.000586991
122, 2, 0.0021488
122, 61, 0.000697968
124, 2, 0.00218338
124, 4, 0.0012585
124, 31, 0.000715
124, 62, 0.000671816
126, 2, 0.00219578
126, 3, 0.00161046
126, 6, 0.00104449
126, 7, 0.00102604
126, 9, 0.000901545
126, 14, 0.000922522
126, 18, 0.000806397
126, 21, 0.00079125
126, 42, 0.000738941
126, 63, 0.000718742
128, 2, 0.0021999
128, 4, 0.00132178
128, 8, 0.000916521
128, 16, 0.000809472
128, 32, 0.000746448
128, 64, 0.000694684
130, 2, 0.00248024
130, 5, 0.00159905
130, 10, 0.00105432
130, 13, 0.00096525
130, 26, 0.000767838
130, 65, 0.000735396
132, 2, 0.00271407
132, 3, 0.00190239
132, 4, 0.00161092
132, 6, 0.00138376
132, 11, 0.0011353
132, 12, 0.000994954
132, 22, 0.000876518
132, 33, 0.000800471
132, 44, 0.000758501
132, 66, 0.000766803
134, 2, 0.00269086
134, 67, 0.000810747
136, 2, 0.00331038
136, 4, 0.00179432
136, 8, 0.001251
136, 17, 0.000986738
136, 34, 0.000858254
136, 68, 0.000836004
138, 2, 0.00308583
138, 3, 0.00212366
138, 6, 0.00158013
138, 23, 0.000983088
138, 46, 0.000866669
138, 69, 0.000873019
140, 2, 0.00287824
140, 4, 0.00195334
140, 5, 0.00185265
140, 7, 0.00170727
140, 10, 0.00127285
140, 14, 0.00115547
140, 20, 0.000974633
140, 28, 0.00091189
140, 35, 0.000952457
140, 70, 0.000901829
142, 2, 0.00329858
142, 71, 0.000951691
144, 2, 0.00368046
144, 3, 0.00237405
144, 4, 0.00225808
144, 6, 0.00173605
144, 8, 0.00147519
144, 9, 0.00147615
144, 12, 0.00125831
144, 16, 0.00111563
144, 18, 0.00111588
144, 24, 0.000999235
144, 36, 0.000976136
144, 48, 0.00094965
144, 72, 0.00110011
146, 2, 0.00365078
146, 73, 0.00101144
148, 2, 0.00395544
148, 4, 0.00220353
148, 37, 0.00108445
148, 74, 0.00103479
150, 2, 0.00394971
150, 3, 0.00259811
150, 5, 0.00206006
150, 6, 0.00195294
150, 10, 0.0017628
150, 15, 0.00142826
150, 25, 0.00116956
150, 30, 0.00111989
150, 50, 0.00107709
150, 75, 0.00109909
152, 2, 0.0035999
152, 4, 0.00243011
152, 8, 0.00175199
152, 19, 0.00156357
152, 38, 0.00114821
152, 76, 0.00110433
154, 2, 0.00352789
154, 7, 0.00203142
154, 11, 0.00169999
154, 14, 0.00147789
154, 22, 0.00127712
154, 77, 0.00120687
156, 2, 0.0038479
156, 3, 0.00305683
156, 4, 0.00287269
156, 6, 0.00227677
156, 12, 0.00158745
156, 13, 0.00162812
156, 26, 0.00127613
156, 39, 0.00127232
156, 52, 0.00119249
156, 78, 0.00119934
158, 2, 0.00381785
158, 79, 0.0012678
160, 2, 0.00399191
160, 4, 0.00274022
160, 5, 0.00281119
160, 8, 0.0022218
160, 10, 0.00195941
160, 16, 0.00151697
160, 20, 0.0014144
160, 32, 0.00131317
160, 40, 0.00128547
160, 80, 0.00126473
162, 2, 0.00416144
162, 3, 0.0031373
162, 6, 0.00232191
162, 9, 0.00202896
162, 18, 0.00158042
162, 27, 0.00145546
162, 54, 0.00133038
162, 81, 0.0013326
164, 2, 0.00455332
164, 4, 0.00292009
164, 41, 0.00141679
164, 82, 0.00136968
166, 2, 0.00429461
166, 83, 0.00148296
168, 2, 0.00472318
168, 3, 0.00398929
168, 4, 0.00320803
168, 6, 0.00277675
168, 7, 0.00265028
168, 8, 0.00227365
168, 12, 0.00194274
168, 14, 0.00190786
168, 21, 0.00168123
168, 24, 0.00153934
168, 28, 0.00151258
168, 42, 0.00148552
168, 56, 0.00148697
168, 84, 0.00145698
170, 2, 0.00469415
170, 5, 0.00296445
170, 10, 0.00214992
170, 17, 0.0018251
170, 34, 0.00156729
170, 85, 0.0015273
172, 2, 0.00535618
172, 4, 0.0034629
172, 43, 0.00163563
172, 86, 0.00156469
174, 2, 0.00504504
174, 3, 0.00398794
174, 6, 0.00301369
174, 29, 0.00172253
174, 58, 0.00161521
174, 87, 0.00164403
176, 2, 0.00527873
176, 4, 0.00384062
176, 8, 0.00262663
176, 11, 0.0025194
176, 16, 0.00198608
176, 22, 0.00186648
176, 44, 0.00170622
176, 88, 0.00164594
178, 2, 0.00541027
178, 89, 0.00172828
180, 2, 0.00564822
180, 3, 0.00450098
180, 4, 0.00382003
180, 5, 0.00351172
180, 6, 0.00350154
180, 9, 0.00281053
180, 10, 0.00260889
180, 12, 0.00237275
180, 15, 0.00237679
180, 18, 0.00208913
180, 20, 0.00197308
180, 30, 0.00186497
180, 36, 0.00181159
180, 45, 0.00186101
180, 60, 0.00176008
180, 90, 0.00176202
182, 2, 0.00555606
182, 7, 0.00318793
182, 13, 0.00246244
182, 14, 0.00238784
182, 26, 0.00226936
182, 91, 0.00185027
184, 2, 0.00607817
184, 4, 0.00415021
184, 8, 0.00293385
184, 23, 0.00217721
184, 46, 0.00191037
184, 92, 0.00186886
186, 2, 0.00592764
186, 3, 0.00474819
186, 6, 0.00358098
186, 31, 0.00231495
186, 62, 0.00194235
186, 93, 0.00194939
188, 2, 0.00651199
188, 4, 0.00477709
188, 47, 0.00209112
188, 94, 0.00199657
190, 2, 0.00631842
190, 5, 0.00411994
190, 10, 0.00297124
190, 19, 0.0025267
190, 38, 0.00233739
190, 95, 0.00209219
192, 2, 0.00666697
192, 3, 0.00526529
192, 4, 0.00451011
192, 6, 0.00387713
192, 8, 0.00339252
192, 12, 0.00294156
192, 16, 0.00251419
192, 24, 0.00223856
192, 32, 0.00219824
192, 48, 0.0021179
192, 64, 0.00210955
192, 96, 0.00233404
194, 2, 0.0065274
194, 97, 0.00219973
196, 2, 0.00713378
196, 4, 0.00482808
196, 7, 0.00397108
196, 14, 0.00296327
196, 28, 0.00234446
196, 49, 0.00229575
196, 98, 0.00225101
198, 2, 0.00700066
198, 3, 0.00556832
198, 6, 0.00417427
198, 9, 0.00360297
198, 11, 0.00347299
198, 18, 0.0027198
198, 22, 0.00259967
198, 33, 0.00244705
198, 66, 0.00231239
198, 99, 0.00235065
200, 2, 0.00782057
200, 4, 0.00521019
200, 5, 0.00479928
200, 8, 0.00370422
200, 10, 0.00347969
200, 20, 0.0026614
200, 25, 0.00262549
200, 40, 0.00239302
200, 50, 0.00239533
200, 100, 0.00236252
202, 2, 0.00739161
202, 101, 0.00246658
204, 2, 0.00803831
204, 3, 0.00639106
204, 4, 0.0055039
204, 6, 0.00478009
204, 12, 0.00335604
204, 17, 0.00309138
204, 34, 0.0026813
204, 51, 0.00259839
204, 68, 0.00252584
204, 102, 0.00252142
206, 2, 0.0079121
206, 103, 0.0026347
208, 2, 0.00832683
208, 4, 0.00566408
208, 8, 0.0041275
208, 13, 0.00366079
208, 16, 0.00314915
208, 26, 0.00286764
208, 52, 0.00264624
208, 104, 0.00263497
210, 2, 0.00811771
210, 3, 0.00648463
210, 5, 0.0053748
210, 6, 0.00481608
210, 7, 0.00462028
210, 10, 0.00392822
210, 14, 0.00353946
210, 15, 0.00364708
210, 21, 0.00315249
210, 30, 0.00287326
210, 35, 0.00293118
210, 42, 0.00276163
210, 70, 0.00272454
210, 105, 0.00274837
212, 2, 0.00883184
212, 4, 0.00600168
212, 53, 0.00286495
212, 106, 0.00280264
214, 2, 0.00859941
214, 107, 0.00292504
216, 2, 0.00938844
216, 3, 0.00745989
216, 4, 0.00643584
216, 6, 0.00557597
216, 8, 0.00459699
216, 9, 0.00467662
216, 12, 0.00393694
216, 18, 0.00350495
216, 24, 0.0031361
216, 27, 0.00330154
216, 36, 0.0030273
216, 54, 0.00299006
216, 72, 0.00291706
216, 108, 0.00370116
218, 2, 0.00933611
218, 109, 0.003063
220, 2, 0.0101529
220, 4, 0.00683497
220, 5, 0.00630782
220, 10, 0.00478796
220, 11, 0.00476585
220, 20, 0.00348959
220, 22, 0.00353043
220, 44, 0.00313643
220, 55, 0.00323508
220, 110, 0.0031726
222, 2, 0.00956869
222, 3, 0.00797153
222, 6, 0.00587421
222, 37, 0.0033548
222, 74, 0.00316909
222, 111, 0.00325461
224, 2, 0.0101918
224, 4, 0.00692736
224, 7, 0.00569698
224, 8, 0.00557332
224, 14, 0.00430556
224, 16, 0.00388452
224, 28, 0.00341165
224, 32, 0.00339959
224, 56, 0.00325008
224, 112, 0.00326446
226, 2, 0.0101354
226, 113, 0.00338776
228, 2, 0.0107956
228, 3, 0.00856704
228, 4, 0.00733093
228, 6, 0.00634469
228, 12, 0.00457946
228, 19, 0.00423735
228, 38, 0.00359069
228, 57, 0.00349797
228, 76, 0.00339934
228, 114, 0.0034511
230, 2, 0.0104834
230, 5, 0.00674685
230, 10, 0.00509236
230, 23, 0.00410617
230, 46, 0.00357325
230, 115, 0.00359059
232, 2, 0.0114065
232, 4, 0.00785724
232, 8, 0.00559408
232, 29, 0.00390002
232, 58, 0.00362006
232, 116, 0.00360241
234, 2, 0.0110384
234, 3, 0.00908909
234, 6, 0.00670303
234, 9, 0.00573089
234, 13, 0.0050119
234, 18, 0.00433942
234, 26, 0.00396641
234, 39, 0.00393338
234, 78, 0.00366433
234, 117, 0.00374201
236, 2, 0.0120145
236, 4, 0.00826242
236, 59, 0.00390853
236, 118, 0.00381551
238, 2, 0.0116295
238, 7, 0.0068293
238, 14, 0.00502088
238, 17, 0.00470864
238, 34, 0.00404792
238, 119, 0.00395969
240, 2, 0.0123477
240, 3, 0.00981923
240, 4, 0.00844567
240, 5, 0.00781133
240, 6, 0.00726075
240, 8, 0.00622531
240, 10, 0.00583507
240, 12, 0.0053032
240, 15, 0.00539147
240, 16, 0.00486215
240, 20, 0.00445373
240, 24, 0.0042236
240, 30, 0.00421186
240, 40, 0.00400933
240, 48, 0.0039638
240, 60, 0.00394593
240, 80, 0.00389697
240, 120, 0.00396525
242, 2, 0.0119164
242, 11, 0.00609657
242, 22, 0.00456807
242, 121, 0.00410727
244, 2, 0.0129985
244, 4, 0.00885023
244, 61, 0.00423598
244, 122, 0.00418057
246, 2, 0.0128433
246, 3, 0.010093
246, 6, 0.00762017
246, 41, 0.00439928
246, 82, 0.00420784
246, 123, 0.00435298
248, 2, 0.0137571
248, 4, 0.00947251
248, 8, 0.00674921
248, 31, 0.00478032
248, 62, 0.00439098
248, 124, 0.0043538
250, 2, 0.0132717
250, 5, 0.00856759
250, 10, 0.00640708
250, 25, 0.00489589
250, 50, 0.00447135
250, 125, 0.00451652
252, 2, 0.0144683
252, 3, 0.0118489
252, 4, 0.00993164
252, 6, 0.00861274
252, 7, 0.00825028
252, 9, 0.00728068
252, 12, 0.00610779
252, 14, 0.00602214
252, 18, 0.00543851
252, 21, 0.00534116
252, 28, 0.00478278
252, 36, 0.00472955
252, 42, 0.00469966
252, 63, 0.00472519
252, 84, 0.00451866
252, 126, 0.00459914
254, 2, 0.014147
254, 127, 0.00478719
256, 2, 0.0159328
256, 4, 0.0107926
256, 8, 0.00763457
256, 16, 0.0058157
256, 32, 0.00513034
256, 64, 0.00477565
256, 128, 0.00477657
258, 2, 0.0146863
258, 3, 0.0116056
258, 6, 0.00867019
258, 43, 0.00517851
258, 86, 0.00489523
258, 129, 0.00504432
260, 2, 0.0156092
260, 4, 0.0106372
260, 5, 0.00977922
260, 10, 0.00734097
260, 13, 0.00690079
260, 20, 0.0057976
260, 26, 0.00551522
260, 52, 0.00511124
260, 65, 0.00512213
260, 130, 0.00514172
262, 2, 0.0149824
262, 131, 0.00528799
264, 2, 0.016372
264, 3, 0.013858
264, 4, 0.0112701
264, 6, 0.00976387
264, 8, 0.00811802
264, 11, 0.00789343
264, 12, 0.00700318
264, 22, 0.00593874
264, 24, 0.00561436
264, 33, 0.00587587
264, 44, 0.00532718
264, 66, 0.00525808
264, 88, 0.00520412
264, 132, 0.00537006
266, 2, 0.0156725
266, 7, 0.00915559
266, 14, 0.0068729
266, 19, 0.00646147
266, 38, 0.00556327
266, 133, 0.00549086
268, 2, 0.0170449
268, 4, 0.0117401
268, 67, 0.00560241
268, 134, 0.00556763
270, 2, 0.0164639
270, 3, 0.0138683
270, 5, 0.0107437
270, 6, 0.0100983
270, 9, 0.00871724
270, 10, 0.00814252
270, 15, 0.00745461
270, 18, 0.00665031
270, 27, 0.00626729
270, 30, 0.00593728
270, 45, 0.00580355
270, 54, 0.0056723
270, 90, 0.00554695
270, 135, 0.00579944
272, 2, 0.0174498
272, 4, 0.0119934
272, 8, 0.00883585
272, 16, 0.0070283
272, 17, 0.00704995
272, 34, 0.00642259
272, 68, 0.00577617
272, 136, 0.0058654
274, 2, 0.0170977
274, 137, 0.00594956
276, 2, 0.0183902
276, 3, 0.0148031
276, 4, 0.012523
276, 6, 0.0108301
276, 12, 0.008126
276, 23, 0.00707928
276, 46, 0.00614782
276, 69, 0.00606363
276, 92, 0.00590476
276, 138, 0.00608321
278, 2, 0.0178626
278, 139, 0.00623284
280, 2, 0.0192453
280, 4, 0.0132925
280, 5, 0.0123127
280, 7, 0.0110141
280, 8, 0.00982683
280, 10, 0.00930185
280, 14, 0.00819312
280, 20, 0.00710569
280, 28, 0.00656057
280, 35, 0.00685611
280, 40, 0.006364
280, 56, 0.00623887
280, 70, 0.00621925
280, 140, 0.00630648
282, 2, 0.0186406
282, 3, 0.0148371
282, 6, 0.0112642
282, 47, 0.00660312
282, 94, 0.00625966
282, 141, 0.00650732
284, 2, 0.0200062
284, 4, 0.0138156
284, 71, 0.00659156
284, 142, 0.00653627
286, 2, 0.0192568
286, 11, 0.00979895
286, 13, 0.00890594
286, 22, 0.00742084
286, 26, 0.00710403
286, 143, 0.00674802
288, 2, 0.0204623
288, 3, 0.0163015
288, 4, 0.0140845
288, 6, 0.0122378
288, 8, 0.0103553
288, 9, 0.0105196
288, 12, 0.00894533
288, 16, 0.00796434
288, 18, 0.00818337
288, 24, 0.00717064
288, 32, 0.00702204
288, 36, 0.00698165
288, 48, 0.00673096
288, 72, 0.00664367
288, 96, 0.00661797
288, 144, 0.0067695
290, 2, 0.0199473
290, 5, 0.0126224
290, 10, 0.0097807
290, 29, 0.00735165
290, 58, 0.00683159
290, 145, 0.00696744
292, 2, 0.0214203
292, 4, 0.0146522
292, 73, 0.00703069
292, 146, 0.00704427
294, 2, 0.0205876
294, 3, 0.0165427
294, 6, 0.0125445
294, 7, 0.0120292
294, 14, 0.00916347
294, 21, 0.00820086
294, 42, 0.00724551
294, 49, 0.0072405
294, 98, 0.00702139
294, 147, 0.00749904
296, 2, 0.022364
296, 4, 0.015484
296, 8, 0.0112097
296, 37, 0.00777013
296, 74, 0.0071952
296, 148, 0.00735198
298, 2, 0.0214726
298, 149, 0.00751439
300, 2, 0.0232711
300, 3, 0.0185913
300, 4, 0.0160849
300, 5, 0.0149166
300, 6, 0.0142343
300, 10, 0.0111781
300, 12, 0.0102134
300, 15, 0.0101959
300, 20, 0.00858129
300, 25, 0.0084236
300, 30, 0.00805857
300, 50, 0.0076827
300, 60, 0.00757729
300, 75, 0.00764981
300, 100, 0.00774914
300, 150, 0.00760996
302, 2, 0.0222977
302, 151, 0.00784727
304, 2, 0.0237346
304, 4, 0.0163865
304, 8, 0.0120537
304, 16, 0.0093022
304, 19, 0.00957785
304, 38, 0.00817876
304, 76, 0.00772327
304, 152, 0.00791427
306, 2, 0.0229218
306, 3, 0.0183689
306, 6, 0.014707
306, 9, 0.0122527
306, 17, 0.0096441
306, 18, 0.00934335
306, 34, 0.00835023
306, 51, 0.00821997
306, 102, 0.00787282
306, 153, 0.00808388
308, 2, 0.0251346
308, 4, 0.0170225
308, 7, 0.0140936
308, 11, 0.0122712
308, 14, 0.010646
308, 22, 0.00922761
308, 28, 0.00855032
308, 44, 0.00826455
308, 77, 0.00814124
308, 154, 0.00816345
310, 2, 0.0237639
310, 5, 0.0155295
310, 10, 0.0120144
310, 31, 0.00905257
310, 62, 0.00832915
310, 155, 0.00846352
312, 2, 0.0258865
312, 3, 0.0206977
312, 4, 0.0179394
312, 6, 0.0156217
312, 8, 0.0132492
312, 12, 0.0112663
312, 13, 0.011603
312, 24, 0.00904164
312, 26, 0.0091525
312, 39, 0.00907937
312, 52, 0.0084759
312, 78, 0.00837358
312, 104, 0.00830496
312, 156, 0.0085194
314, 2, 0.0247476
314, 157, 0.00869866
316, 2, 0.0275849
316, 4, 0.0190778
316, 79, 0.00909197
316, 158, 0.00883801
318, 2, 0.026034
318, 3, 0.0208313
318, 6, 0.0163368
318, 53, 0.00912325
318, 106, 0.00901749
318, 159, 0.00905202
320, 2, 0.027803
320, 4, 0.0201002
320, 5, 0.0176015
320, 8, 0.0149198
320, 10, 0.0133483
320, 16, 0.0109485
320, 20, 0.0104677
320, 32, 0.00977431
320, 40, 0.00974148
320, 64, 0.00902729
320, 80, 0.00895537
320, 160, 0.00909879
322, 2, 0.0262721
322, 7, 0.0154403
322, 14, 0.0119748
322, 23, 0.0107511
322, 46, 0.00940113
322, 161, 0.00938001
324, 2, 0.0284627
324, 3, 0.0229268
324, 4, 0.0207285
324, 6, 0.0169986
324, 9, 0.0147966
324, 12, 0.0125315
324, 18, 0.011148
324, 27, 0.0105079
324, 36, 0.00975319
324, 54, 0.00950774
324, 81, 0.0093202
324, 108, 0.00936729
324, 162, 0.00943795
326, 2, 0.0272753
326, 163, 0.00975622
328, 2, 0.0296922
328, 4, 0.0227311
328, 8, 0.0150144
328, 41, 0.0101563
328, 82, 0.00981896
328, 164, 0.0098209
330, 2, 0.0284172
330, 3, 0.0228949
330, 5, 0.0185531
330, 6, 0.0175292
330, 10, 0.0142009
330, 11, 0.0147918
330, 15, 0.0131584
330, 22, 0.0111256
330, 30, 0.0104407
330, 33, 0.0107044
330, 55, 0.0101643
330, 66, 0.00980169
330, 110, 0.00973531
330, 165, 0.00999889
332, 2, 0.0307214
332, 4, 0.0213828
332, 83, 0.0103312
332, 166, 0.0101589
334, 2, 0.0293909
334, 167, 0.0103989
336, 2, 0.0314062
336, 3, 0.0250929
336, 4, 0.0217437
336, 6, 0.0189461
336, 7, 0.0181527
336, 8, 0.0164032
336, 12, 0.0139814
336, 14, 0.0136837
336, 16, 0.0128524
336, 21, 0.0122128
336, 24, 0.0112835
336, 28, 0.0110143
336, 42, 0.0109642
336, 48, 0.0107831
336, 56, 0.0104124
336, 84, 0.0103518
336, 112, 0.0105154
336, 168, 0.0104332
338, 2, 0.0303661
338, 13, 0.0147202
338, 26, 0.011459
338, 169, 0.0108244
340, 2, 0.0331452
340, 4, 0.0224873
340, 5, 0.0208867
340, 10, 0.0157898
340, 17, 0.013311
340, 20, 0.0122718
340, 34, 0.0116306
340, 68, 0.0107787
340, 85, 0.0107037
340, 170, 0.0108179
342, 2, 0.0325246
342, 3, 0.0254527
342, 6, 0.019311
342, 9, 0.0168627
342, 18, 0.0128939
342, 19, 0.0133305
342, 38, 0.0114037
342, 57, 0.0110701
342, 114, 0.0108498
342, 171, 0.011175
344, 2, 0.0339773
344, 4, 0.0236838
344, 8, 0.0172324
344, 43, 0.0117762
344, 86, 0.0109724
344, 172, 0.0112668
346, 2, 0.0325687
346, 173, 0.0114254
348, 2, 0.0350109
348, 3, 0.0280645
348, 4, 0.0244296
348, 6, 0.0212892
348, 12, 0.0155479
348, 29, 0.0125901
348, 58, 0.0115911
348, 87, 0.011561
348, 116, 0.0114225
348, 174, 0.0115935
350, 2, 0.0334571
350, 5, 0.0221525
350, 7, 0.0203938
350, 10, 0.0167234
350, 14, 0.0150165
350, 25, 0.0128322
350, 35, 0.0126012
350, 50, 0.0117261
350, 70, 0.011543
350, 175, 0.0118607
352, 2, 0.0358178
352, 4, 0.0247432
352, 8, 0.0191788
352, 11, 0.0185895
352, 16, 0.0148083
352, 22, 0.0135585
352, 32, 0.0127662
352, 44, 0.0121279
352, 88, 0.0118755
352, 176, 0.0118871
354, 2, 0.0341454
354, 3, 0.0274776
354, 6, 0.0210232
354, 59, 0.0123083
354, 118, 0.011895
354, 177, 0.0122261
356, 2, 0.0372152
356, 4, 0.0255833
356, 89, 0.0121572
356, 178, 0.0122861
358, 2, 0.0353322
358, 179, 0.0126289
360, 2, 0.0387184
360, 3, 0.0308341
360, 4, 0.0268467
360, 5, 0.0259379
360, 6, 0.02354
360, 8, 0.0198902
360, 9, 0.0201096
360, 10, 0.0186773
360, 12, 0.0171692
360, 15, 0.0174397
360, 18, 0.0151453
360, 20, 0.0144308
360, 24, 0.0141399
360, 30, 0.0135374
360, 36, 0.0132203
360, 40, 0.0130149
360, 45, 0.0131875
360, 60, 0.0126329
360, 72, 0.0125039
360, 90, 0.0124117
360, 120, 0.0124615
360, 180, 0.0127372
362, 2, 0.0371475
362, 181, 0.0130026
364, 2, 0.0401694
364, 4, 0.0277702
364, 7, 0.0232447
364, 13, 0.0182304
364, 14, 0.0171762
364, 26, 0.0142053
364, 28, 0.0138009
364, 52, 0.0131119
364, 91, 0.0130085
364, 182, 0.0131447
366, 2, 0.0381757
366, 3, 0.0308606
366, 6, 0.023845
366, 61, 0.0133923
366, 122, 0.0130849
366, 183, 0.0134801
368, 2, 0.040445
368, 4, 0.028412
368, 8, 0.0208127
368, 16, 0.0160872
368, 23, 0.0158523
368, 46, 0.013832
368, 92, 0.013156
368, 184, 0.0134964
370, 2, 0.0391789
370, 5, 0.0252951
370, 10, 0.0198094
370, 37, 0.0144696
370, 74, 0.0134448
370, 185, 0.0138143
372, 2, 0.0420922
372, 3, 0.0334511
372, 4, 0.0289861
372, 6, 0.025349
372, 12, 0.0186109
372, 31, 0.0153002
372, 62, 0.0140293
372, 93, 0.0137536
372, 124, 0.0137475
372, 186, 0.0139498
374, 2, 0.0408917
374, 11, 0.0209606
374, 17, 0.0171296
374, 22, 0.0161088
374, 34, 0.0148826
374, 187, 0.014311
376, 2, 0.0450986
376, 4, 0.0305487
376, 8, 0.0222508
376, 47, 0.0150925
376, 94, 0.0140667
376, 188, 0.0144039
378, 2, 0.0430015
378, 3, 0.0336344
378, 6, 0.0265145
378, 7, 0.0253316
378, 9, 0.0225365
378, 14, 0.0190322
378, 18, 0.017196
378, 21, 0.0168799
378, 27, 0.0162902
378, 42, 0.0148913
378, 54, 0.0148365
378, 63, 0.014805
378, 126, 0.0143301
378, 189, 0.0147209
380, 2, 0.0464912
380, 4, 0.0313751
380, 5, 0.0293709
380, 10, 0.0218209
380, 19, 0.0182626
380, 20, 0.0168404
380, 38, 0.0155883
380, 76, 0.0145539
380, 95, 0.014733
380, 190, 0.0148638
382, 2, 0.0443206
382, 191, 0.0152569
384, 2, 0.0492033
384, 3, 0.0370626
384, 4, 0.031921
384, 6, 0.0278265
384, 8, 0.0235562
384, 12, 0.0203917
384, 16, 0.0182417
384, 24, 0.0166768
384, 32, 0.016665
384, 48, 0.0156034
384, 64, 0.0152088
384, 96, 0.0149506
384, 128, 0.0149958
384, 192, 0.0152997
386, 2, 0.0464094
386, 193, 0.0156227
388, 2, 0.0499324
388, 4, 0.0327617
388, 97, 0.0154702
388, 194, 0.0160655
390, 2, 0.0481784
390, 3, 0.036644
390, 5, 0.0296805
390, 6, 0.0290957
390, 10, 0.023198
390, 13, 0.0215101
390, 15, 0.021153
390, 26, 0.0172462
390, 30, 0.016889
390, 39, 0.0172571
390, 65, 0.0158674
390, 78, 0.015605
390, 130, 0.0159737
390, 195, 0.016377
392, 2, 0.0530201
392, 4, 0.0344115
392, 7, 0.0291464
392, 8, 0.0257672
392, 14, 0.0213425
392, 28, 0.0172078
392, 49, 0.016595
392, 56, 0.0162581
392, 98, 0.0158848
392, 196, 0.0162769
394, 2, 0.0505233
394, 197, 0.0165563
396, 2, 0.0540276
396, 3, 0.0404019
396, 4, 0.0353417
396, 6, 0.0310245
396, 9, 0.0264518
396, 11, 0.0254118
396, 12, 0.0226657
396, 18, 0.0199245
396, 22, 0.0190696
396, 33, 0.0182995
396, 36, 0.017566
396, 44, 0.0169932
396, 66, 0.0165664
396, 99, 0.0165562
396, 132, 0.0165142
396, 198, 0.0167237
398, 2, 0.053076
398, 199, 0.0178302
400, 2, 0.0566304
400, 4, 0.0358094
400, 5, 0.0332654
400, 8, 0.0264798
400, 10, 0.0250942
400, 16, 0.0210665
400, 20, 0.0195633
400, 25, 0.0193677
400, 40, 0.0177702
400, 50, 0.0173505
400, 80, 0.0168633
400, 100, 0.016726
400, 200, 0.0174098
402, 2, 0.04873
402, 3, 0.0393702
402, 6, 0.0306297
402, 67, 0.0175396
402, 134, 0.0171561
402, 201, 0.0174924
404, 2, 0.0580608
404, 4, 0.0370541
404, 101, 0.0174001
404, 202, 0.0176762
406, 2, 0.050338
406, 7, 0.0308573
406, 14, 0.0231136
406, 29, 0.0193362
406, 58, 0.0178124
406, 203, 0.0180987
408, 2, 0.0547942
408, 3, 0.0445306
408, 4, 0.0386384
408, 6, 0.0339486
408, 8, 0.0281039
408, 12, 0.0247899
408, 17, 0.0229282
408, 24, 0.0203905
408, 34, 0.0195366
408, 51, 0.0188248
408, 68, 0.0180481
408, 102, 0.0177218
408, 136, 0.0185075
408, 204, 0.0183167
410, 2, 0.0533188
410, 5, 0.0346594
410, 10, 0.0265167
410, 41, 0.0194489
410, 82, 0.0179678
410, 205, 0.0185629
412, 2, 0.0562197
412, 4, 0.0395499
412, 103, 0.0188447
412, 206, 0.0187183
414, 2, 0.0535604
414, 3, 0.0435681
414, 6, 0.0342983
414, 9, 0.0292418
414, 18, 0.0223243
414, 23, 0.022038
414, 46, 0.0192374
414, 69, 0.019084
414, 138, 0.0186927
414, 207, 0.0191814
416, 2, 0.0570876
416, 4, 0.040114
416, 8, 0.0310686
416, 13, 0.0272197
416, 16, 0.0238186
416, 26, 0.0208988
416, 32, 0.020649
416, 52, 0.0195836
416, 104, 0.0187144
416, 208, 0.0192082
418, 2, 0.054399
418, 11, 0.0288717
418, 19, 0.0238509
418, 22, 0.0219367
418, 38, 0.0203975
418, 209, 0.0196141
420, 2, 0.0592249
420, 3, 0.0479598
420, 4, 0.0411761
420, 5, 0.0384171
420, 6, 0.0364165
420, 7, 0.035128
420, 10, 0.0291736
420, 12, 0.0266006
420, 14, 0.0262881
420, 15, 0.0267661
420, 20, 0.0225486
420, 21, 0.0232222
420, 28, 0.0209442
420, 30, 0.021126
420, 35, 0.0218034
420, 42, 0.0205697
420, 60, 0.0196328
420, 70, 0.0195741
420, 84, 0.0193179
420, 105, 0.0193941
420, 140, 0.0193876
420, 210, 0.0200272
422, 2, 0.0560524
422, 211, 0.0203241
424, 2, 0.0615811
424, 4, 0.0434644
424, 8, 0.0322333
424, 53, 0.0207951
424, 106, 0.0198787
424, 212, 0.0206401
426, 2, 0.0580756
426, 3, 0.048288
426, 6, 0.0369324
426, 71, 0.0208846
426, 142, 0.020165
426, 213, 0.0207046
428, 2, 0.0626859
428, 4, 0.0442712
428, 107, 0.0207318
428, 214, 0.0208899
430, 2, 0.0595488
430, 5, 0.040308
430, 10, 0.0303668
430, 43, 0.0221824
430, 86, 0.0205388
430, 215, 0.0213795
432, 2, 0.0635281
432, 3, 0.0532038
432, 4, 0.045054
432, 6, 0.0394866
432, 8, 0.0337453
432, 9, 0.034109
432, 12, 0.0289075
432, 16, 0.0262564
432, 18, 0.0256003
432, 24, 0.0232981
432, 27, 0.0241141
432, 36, 0.0228984
432, 48, 0.0218987
432, 54, 0.0216422
432, 72, 0.0210407
432, 108, 0.0208252
432, 144, 0.0209797
432, 216, 0.0214293
434, 2, 0.0607564
434, 7, 0.0371444
434, 14, 0.028019
434, 31, 0.0239253
434, 62, 0.0215508
434, 217, 0.0218539
436, 2, 0.0654005
436, 4, 0.0462274
436, 109, 0.021689
436, 218, 0.0220244
438, 2, 0.0626542
438, 3, 0.0506581
438, 6, 0.0398562
438, 73, 0.022
438, 146, 0.0217885
438, 219, 0.0226154
440, 2, 0.0678476
440, 4, 0.0490517
440, 5, 0.0447732
440, 8, 0.0350005
440, 10, 0.0332592
440, 11, 0.0344604
440, 20, 0.0257663
440, 22, 0.0259055
440, 40, 0.0235837
440, 44, 0.0231878
440, 55, 0.023634
440, 88, 0.0222817
440, 110, 0.0223907
440, 220, 0.0233367
442, 2, 0.0647949
442, 13, 0.0309408
442, 17, 0.0279721
442, 26, 0.0250003
442, 34, 0.0243594
442, 221, 0.0230201
444, 2, 0.0694579
444, 3, 0.0562555
444, 4, 0.0498432
444, 6, 0.0433539
444, 12, 0.0312529
444, 37, 0.0250987
444, 74, 0.0228274
444, 111, 0.0229861
444, 148, 0.0227121
444, 222, 0.0234681
446, 2, 0.0659454
446, 223, 0.0237664
448, 2, 0.0705726
448, 4, 0.0519804
448, 7, 0.0423458
448, 8, 0.0389526
448, 14, 0.031406
448, 16, 0.0287377
448, 28, 0.0254728
448, 32, 0.0257186
448, 56, 0.0241271
448, 64, 0.0235939
448, 112, 0.0232054
448, 224, 0.0237974
450, 2, 0.0671672
450, 3, 0.0543389
450, 5, 0.0449492
450, 6, 0.0428368
450, 9, 0.03733
450, 10, 0.0347738
450, 15, 0.0324192
450, 18, 0.0284709
450, 25, 0.0266178
450, 30, 0.0255096
450, 45, 0.0250278
450, 50, 0.0243102
450, 75, 0.0240436
450, 90, 0.0233225
450, 150, 0.0235774
450, 225, 0.0242387
452, 2, 0.07256
452, 4, 0.0533959
452, 113, 0.023935
452, 226, 0.0244139
454, 2, 0.0689214
454, 227, 0.0249899
456, 2, 0.0751876
456, 3, 0.0605326
456, 4, 0.0572903
456, 6, 0.0470904
456, 8, 0.0416569
456, 12, 0.0336454
456, 19, 0.0313316
456, 24, 0.0273069
456, 38, 0.026576
456, 57, 0.0253962
456, 76, 0.0244879
456, 114, 0.0244813
456, 152, 0.0245174
456, 228, 0.0250808
458, 2, 0.0711348
458, 229, 0.0255251
460, 2, 0.0766248
460, 4, 0.0544189
460, 5, 0.0516064
460, 10, 0.0380347
460, 20, 0.0296182
460, 23, 0.0304296
460, 46, 0.0265443
460, 92, 0.024911
460, 115, 0.0253677
460, 230, 0.025833
462, 2, 0.0729173
462, 3, 0.0595723
462, 6, 0.0474828
462, 7, 0.0456454
462, 11, 0.0388129
462, 14, 0.0336972
462, 21, 0.030265
462, 22, 0.0293629
462, 33, 0.0280985
462, 42, 0.0269973
462, 66, 0.0255981
462, 77, 0.0256126
462, 154, 0.0253927
462, 231, 0.0263928
464, 2, 0.078794
464, 4, 0.0556355
464, 8, 0.0413904
464, 16, 0.0325953
464, 29, 0.0288417
464, 58, 0.0264503
464, 116, 0.0256653
464, 232, 0.026372
466, 2, 0.074273
466, 233, 0.0268473
468, 2, 0.080033
468, 3, 0.0644972
468, 4, 0.056852
468, 6, 0.0502018
468, 9, 0.0430904
468, 12, 0.0363993
468, 13, 0.037511
468, 18, 0.0323621
468, 26, 0.0295656
468, 36, 0.0287298
468, 39, 0.0293868
468, 52, 0.0272769
468, 78, 0.0264972
468, 117, 0.0266101
468, 156, 0.0268241
468, 234, 0.0274805
470, 2, 0.0768374
470, 5, 0.0517819
470, 10, 0.0396008
470, 47, 0.0287234
470, 94, 0.0264878
470, 235, 0.0276592
472, 2, 0.0827404
472, 4, 0.0588312
472, 8, 0.0434258
472, 59, 0.0283702
472, 118, 0.0269822
472, 236, 0.0277963
474, 2, 0.0785033
474, 3, 0.0638234
474, 6, 0.0515326
474, 79, 0.0278105
474, 158, 0.0274227
474, 237, 0.0282459
476, 2, 0.0850469
476, 4, 0.060182
476, 7, 0.051558
476, 14, 0.0375907
476, 17, 0.0352311
476, 28, 0.0303414
476, 34, 0.0305186
476, 68, 0.0280881
476, 119, 0.0280488
476, 238, 0.0285232
478, 2, 0.0813451
478, 239, 0.0293229
480, 2, 0.0859608
480, 3, 0.0692283
480, 4, 0.0611013
480, 5, 0.0567323
480, 6, 0.0537936
480, 8, 0.046788
480, 10, 0.043019
480, 12, 0.0391142
480, 15, 0.0397977
480, 16, 0.0358931
480, 20, 0.0331843
480, 24, 0.0319891
480, 30, 0.0312012
480, 32, 0.0312856
480, 40, 0.0303248
480, 48, 0.029777
480, 60, 0.0290692
480, 80, 0.0286381
480, 96, 0.0281747
480, 120, 0.0281691
480, 160, 0.0283342
480, 240, 0.0291495
482, 2, 0.081271
482, 241, 0.0295974
484, 2, 0.0883073
484, 4, 0.0624272
484, 11, 0.0457588
484, 22, 0.034224
484, 44, 0.0305345
484, 121, 0.0293828
484, 242, 0.0298358
486, 2, 0.0835294
486, 3, 0.0681535
486, 6, 0.0539
486, 9, 0.0473433
486, 18, 0.0355871
486, 27, 0.0336761
486, 54, 0.0303077
486, 81, 0.029525
486, 162, 0.0294274
486, 243, 0.0304611
488, 2, 0.0910487
488, 4, 0.0648738
488, 8, 0.0472975
488, 61, 0.0309116
488, 122, 0.0296603
488, 244, 0.0306155
490, 2, 0.0862775
490, 5, 0.0584733
490, 7, 0.0537006
490, 10, 0.0456454
490, 14, 0.0398315
490, 35, 0.0340418
490, 49, 0.0315128
490, 70, 0.0302914
490, 98, 0.0299784
490, 245, 0.0311024
492, 2, 0.0944688
492, 3, 0.0756008
492, 4, 0.0662236
492, 6, 0.058648
492, 12, 0.0426413
492, 41, 0.0330481
492, 82, 0.0305907
492, 123, 0.0307933
492, 164, 0.0307609
492, 246, 0.0313727
494, 2, 0.0882773
494, 13, 0.0430072
494, 19, 0.0386381
494, 26, 0.0341182
494, 38, 0.0330206
494, 247, 0.0320257
496, 2, 0.0949718
496, 4, 0.0671859
496, 8, 0.0495706
496, 16, 0.0387742
496, 31, 0.0353036
496, 62, 0.0319832
496, 124, 0.0310598
496, 248, 0.0322944
498, 2, 0.0899015
498, 3, 0.0729177
498, 6, 0.057553
498, 83, 0.0318893
498, 166, 0.0319144
498, 249, 0.0326033
500, 2, 0.097475
500, 4, 0.068687
500, 5, 0.0646494
500, 10, 0.0486926
500, 20, 0.0375439
500, 25, 0.0369567
500, 50, 0.0333718
500, 100, 0.0317229
500, 125, 0.0321118
500, 250, 0.032885
502, 2, 0.0926534
502, 251, 0.0335501
504, 2, 0.103319
504, 3, 0.081683
504, 4, 0.0716109
504, 6, 0.0635574
504, 7, 0.0607976
504, 8, 0.0530831
504, 9, 0.0537761
504, 12, 0.0453012
504, 14, 0.044528
504, 18, 0.0407205
504, 21, 0.0398317
504, 24, 0.0366551
504, 28, 0.0362976
504, 36, 0.0357362
504, 42, 0.0350659
504, 56, 0.034034
504, 63, 0.034672
504, 72, 0.0328723
504, 84, 0.0328252
504, 126, 0.0326238
504, 168, 0.0327878
504, 252, 0.0336886
506, 2, 0.0964025
506, 11, 0.0509771
506, 22, 0.0384577
506, 23, 0.0398064
506, 46, 0.0348016
506, 253, 0.0342812
508, 2, 0.106162
508, 4, 0.073988
508, 127, 0.0339876
508, 254, 0.0345549
510, 2, 0.108688
510, 3, 0.0845101
510, 5, 0.0694544
510, 6, 0.0652261
510, 10, 0.0517438
510, 15, 0.0472614
510, 17, 0.043162
510, 30, 0.0373878
510, 34, 0.0375691
510, 51, 0.0361859
510, 85, 0.0340601
510, 102, 0.0339202
510, 170, 0.0339366
510, 255, 0.0353161
512, 2, 0.172689
512, 4, 0.0945564
512, 8, 0.064246
512, 16, 0.0467356
512, 32, 0.0397177
512, 64, 0.035449
512, 128, 0.034397
512, 256, 0.0352674
